{"classifier":{"examples":{"CheckBatches":[[0,1,1,0,0,0,0,0,0,0,0,0,0,0,0,0,0,0,0,0,0],[0,1,1,0,0,0,0,0,0,0,0,0,0,0,0,0,0,0,0,0,0],[0,1,1,0,0,0,0,0,0,0,0,0,0,0,0,0,0,0,0,0,0],[0,1,1,1,0,0,0,0,0,0,0,0,0,0,0,0,0,0,0,0,0],[0,0,1,0,1,1,0,0,0,0,0,0,0,0,0,0,0,0,0,0,0]],"GetVideosOfBatch":[[0,0,1,0,0,0,1,0,0,0,0,0,0,0,0,0,0,0,0,0,0],[0,0,1,0,1,0,1,0,0,0,0,0,0,0,0,0,0,0,0,0,0],[0,0,1,0,0,0,1,1,1,0,0,0,0,0,0,0,0,0,0,0,0],[0,0,1,0,1,0,1,1,0,1,0,0,0,0,0,0,0,0,0,0,0]],"ErrorsOfBatch":[[0,0,1,0,0,0,0,0,0,0,1,0,0,0,0,0,0,0,0,0,0],[0,0,1,0,1,0,0,0,0,0,0,1,0,0,0,0,0,0,0,0,0],[0,0,1,0,0,0,0,1,1,0,0,1,0,0,0,0,0,0,0,0,0],[0,0,1,0,1,0,0,1,0,1,0,1,0,0,0,0,0,0,0,0,0],[0,0,1,0,0,0,0,1,0,1,0,1,0,0,0,0,0,0,0,0,0],[0,0,1,0,0,0,0,0,1,0,0,1,0,0,0,0,0,0,0,0,0]],"ResultsOfBatch":[[0,0,1,0,1,0,0,0,0,0,0,0,1,0,0,0,0,0,0,0,0],[0,0,1,0,0,0,0,1,0,1,0,0,1,1,0,0,0,0,0,0,0],[0,0,1,0,0,0,0,0,0,0,0,0,1,0,0,0,0,0,0,0,0],[0,0,1,0,0,0,0,0,0,0,0,0,1,0,0,0,0,0,0,0,0],[0,0,1,0,0,0,0,1,0,1,0,0,1,0,0,0,0,0,0,0,0]],"HasFinished":[[0,0,1,0,0,0,0,0,0,0,0,0,0,0,1,1,1,0,0,0,0],[0,0,1,0,0,0,0,0,0,1,0,0,0,0,0,0,1,0,0,0,0],[0,0,1,0,0,0,0,0,0,0,0,0,0,0,0,0,1,0,0,0,0],[0,0,1,0,0,0,0,0,0,1,0,0,0,0,0,0,1,0,0,0,0],[1,0,1,0,0,0,0,0,0,1,0,0,0,0,0,0,1,0,0,0,0]],"Uptime":[[0,0,0,0,0,0,0,0,0,0,0,0,0,0,0,0,0,1,0,0,0],[0,0,0,0,0,0,0,0,0,0,0,0,0,0,0,0,0,0,1,0,0],[0,0,0,0,0,0,0,0,0,0,0,0,0,0,0,0,0,0,0,1,0],[0,0,0,0,0,0,0,0,0,0,0,0,0,0,0,0,0,0,0,1,1],[0,0,0,0,0,0,0,0,0,0,0,0,0,0,0,0,0,0,1,0,0]]},"features":[],"featurePositions":{},"maxFeaturePosition":0,"classifications":["CheckBatches","GetVideosOfBatch","ErrorsOfBatch","ResultsOfBatch","HasFinished","Uptime"],"exampleCount":30,"theta":[{"elements":[-0.2387017367555576,5.900557614763195,0.6307541895670964,1.0207921182329858,0.8176649426834229,3.8769792400601255,-2.016670994287636,-1.2330484647420086,-0.858676645299543,-1.5676565595243468,-1.1114339774466524,-1.9290533992775862,-2.2405384891940665,-0.13628889562967142,-0.4249668335808352,-0.4249668335808352,-1.849085805050286,-0.9342753012887954,-1.4265816939633968,-1.309947691029609,-0.5662141193774302]},{"elements":[-0.20577260314968063,-1.2130062434098379,-0.5493849874707434,-0.274637898476981,0.8646402869107382,-0.7335834975119275,6.50295771747371,0.8448960548886808,0.4713120948067676,-0.5929881829598641,-0.4680249651612129,-1.885866349313838,-1.5487416814184092,-0.2663310652559611,-0.24099969843549318,-0.24099969843549318,-1.203119968129225,-0.6840271778436594,-1.098889754828453,-1.0192599465328696,-0.45455493689797205]},{"elements":[-0.36177686893264954,-2.0375599414774164,0.5200660588950049,-0.43298059623063234,0.09956557656458548,-1.0892939668232218,-2.614280577893616,0.6038624787365694,0.764856141205653,-0.28871554548179784,4.708909339952236,6.020102562401062,-2.3909664122165135,-0.4577492098854098,-0.3523230472901413,-0.3523230472901413,-2.076844945047526,-0.9118729034941498,-1.396741086143872,-1.283309709467283,-0.5558177679812936]},{"elements":[-0.295455677563215,-1.4281143180659406,-0.25296840688980304,-0.31805597413339337,-0.19170496254603692,-0.5216686772497319,-1.4049122166918657,0.35007912065792013,-0.810184846051553,-0.04814880250897288,-0.5887837553372721,-1.5787366982362891,6.842781834613999,0.8554525235362591,-0.2617227524584261,-0.2617227524584261,-1.5735345759227042,-0.7329478087207828,-1.1655748135678772,-1.078710551715608,-0.4781946034081387]},{"elements":[0.7476982708080175,-1.433780011603979,-0.19676809429734116,-0.3192141884710238,-1.322307036601836,-0.3116420916286109,-1.0237808531717494,-1.64897814154901,-0.592784168322193,1.477626279170237,-0.591768707661135,-1.1880783087660556,-1.4920874281259815,-0.27842270038665534,0.9024427591933347,0.9024427591933347,5.844369306660175,-0.7260547462485769,-1.156749320767531,-1.0709387288701688,-0.47525653762110875]},{"elements":[-0.149345471661711,-1.0436578016650635,-5.03931058348189,-0.2394672034462319,-0.9498405875590428,-0.23601548480865348,-0.7304765436015165,-0.8128558672043843,-0.5207835794589266,-0.983551371158268,-0.38075112582215076,-0.7542824152716361,-0.9371454775315503,-0.10798777950242767,-0.21885248748753544,-0.21885248748753544,-0.9569817347813196,1.6894030115972019,2.355680890190103,2.1356200907186658,0.8651601528765505]}]},"docs":[{"label":"CheckBatches","text":["check","batch","batch"]},{"label":"CheckBatches","text":["check","batch","batch"]},{"label":"CheckBatches","text":["check","batch","batch"]},{"label":"CheckBatches","text":["pleas","check","batch","batch"]},{"label":"CheckBatches","text":["give","info","batch","batch"]},{"label":"GetVideosOfBatch","text":["video","batch","batch"]},{"label":"GetVideosOfBatch","text":["give","video","batch"]},{"label":"GetVideosOfBatch","text":["video","batch","client","ebai"]},{"label":"GetVideosOfBatch","text":["give","video","client","tryp","batch","batch"]},{"label":"ErrorsOfBatch","text":["erro","batch","batch"]},{"label":"ErrorsOfBatch","text":["give","error","batch"]},{"label":"ErrorsOfBatch","text":["error","batch","client","ebai"]},{"label":"ErrorsOfBatch","text":["give","error","client","tryp","batch","batch"]},{"label":"ErrorsOfBatch","text":["error","batch","client","tryp"]},{"label":"ErrorsOfBatch","text":["error","batch","ebai"]},{"label":"ResultsOfBatch","text":["give","result","batch","batch"]},{"label":"ResultsOfBatch","text":["show","result","batch","batch","client","tryp"]},{"label":"ResultsOfBatch","text":["result","batch","batch"]},{"label":"ResultsOfBatch","text":["result","batch"]},{"label":"ResultsOfBatch","text":["result","batch","client","tryp"]},{"label":"HasFinished","text":["alert","when","batch","finish"]},{"label":"HasFinished","text":["finish","batch","tryp"]},{"label":"HasFinished","text":["finish","batch","batch"]},{"label":"HasFinished","text":["finish","batch","tryp"]},{"label":"HasFinished","text":["finish","tryp","batch","4444"]},{"label":"Uptime","text":["uptim"]},{"label":"Uptime","text":["aliv"]},{"label":"Uptime","text":["statu"]},{"label":"Uptime","text":["current","statu"]},{"label":"Uptime","text":["aliv"]}],"features":{"4444":1,"check":4,"batch":38,"pleas":1,"give":6,"info":1,"video":4,"client":7,"ebai":3,"tryp":8,"erro":1,"error":5,"result":5,"show":1,"alert":1,"when":1,"finish":5,"uptim":1,"aliv":2,"statu":2,"current":1},"stemmer":{},"lastAdded":30,"events":{"domain":null,"_events":{},"_eventsCount":0}}